date,platform,community,post_url,keyword,user_pain,reply_type,link_used,utm_url,status,notes
2026-06-04,reddit,r/seniordogs,https://www.reddit.com/r/seniordogs/comments/1tc6i1z/comment/opne6m0/?context=3,good_days_vs_hard_days,shifting_quality_of_life_baseline,no_link_observation_reply,no,,published_pre_existing,"Older no-link comment found on profile; do not reply again in same thread."
2026-06-04,reddit,r/seniordogs,https://www.reddit.com/r/seniordogs/comments/1tc6i1z/comment/opnuv54/?context=3,good_days_vs_hard_days,shifting_quality_of_life_baseline,no_link_observation_reply,no,,published,"Recent no-link reply; duplicate-thread risk noted, no more replies on this thread."
2026-06-04,reddit,r/seniordogs,https://www.reddit.com/r/seniordogs/comments/1t8pbb1/comment/opnw31e/?context=3,senior_dog_mobility,wheelchair_adjustment_and_mobility_tracking,no_link_observation_reply,no,,published,"No diagnosis, no link, tracked wheelchair routine and vet follow-up observations."
2026-06-04,x,@RandythePsycho,https://x.com/RandythePsycho/status/2062425866517479718,senior_pet_vet_visit_notes,gradual_change_tracking,no_link_educational_post,no,,published,"No link, no hashtag, non-diagnostic vet conversation framing."
2026-06-04,threads,@cetrolcen,https://www.threads.com/@cetrolcen/post/DZJ5AIOlQwt,senior_pet_vet_visit_notes,pattern_tracking_before_vet_visit,no_link_educational_post,no,,published,"No link, no hashtag, wording distinct from X post."
2026-06-04,pinterest,pin_assets,public/growth/pinterest/png/senior-pet-quality-of-life-checklist.png,senior_pet_quality_of_life_checklist,printable_checklist_discovery,pin_asset_ready,yes,https://pawcheckin.com/?utm_source=pinterest&utm_medium=pin&utm_campaign=quality_of_life_checklist,asset_ready,"Pinterest not logged in; do not create/register account automatically."
2026-06-04,pinterest,pin_assets,public/growth/pinterest/png/senior-pet-vet-visit-notes.png,senior_pet_vet_visit_notes,vet_visit_preparation,pin_asset_ready,yes,https://pawcheckin.com/?utm_source=pinterest&utm_medium=pin&utm_campaign=printable_report,asset_ready,"Upload-ready PNG generated and visually checked."
2026-06-04,pinterest,pin_assets,public/growth/pinterest/png/seven-day-senior-pet-check-in.png,seven_day_reassessment,weekly_reassessment_and_journal,pin_asset_ready,yes,https://pawcheckin.com/?utm_source=pinterest&utm_medium=pin&utm_campaign=seven_day_reassessment,asset_ready,"Upload-ready PNG generated and visually checked."
2026-06-04,pinterest,Senior Pet Care Checklists,https://www.pinterest.com/b0962039409/senior-pet-care-checklists/,senior_pet_quality_of_life_checklist,printable_checklist_discovery,pin_publish_attempt,yes,https://pawcheckin.com/tools/senior-pet-quality-of-life-calculator?utm_source=pinterest&utm_medium=pin&utm_campaign=feature_a_quality_life&utm_content=quality_of_life_checklist,blocked_recaptcha_or_board_ui,"Board was created and pin draft/image/title/description/link were prepared, but board selection/create-pin controls did not complete while Pinterest showed reCAPTCHA service unavailable."
2026-06-04,quora,senior_dog_comfort,https://www.quora.com/My-dog-is-old-very-old-what-are-the-best-ways-to-make-him-comfortable/answer/RandyCen,old_dog_comfort,comfort_and_vet_prep,disclosed_helpful_answer,yes,https://pawcheckin.com/tools/senior-pet-quality-of-life-calculator?utm_source=quora&utm_medium=answer&utm_campaign=feature_a_quality_life&utm_content=old_dog_comfort_answer,published,"Answered with practical comfort guidance, vet-consult framing, non-diagnostic language, and one disclosed PawCheckin link."
2026-06-04,pinterest,Senior Pet Care Checklists,https://www.pinterest.com/b0962039409/senior-pet-care-checklists/,senior_pet_quality_of_life_checklist,printable_checklist_discovery,pin_publish_verification,yes,https://pawcheckin.com/tools/senior-pet-quality-of-life-calculator?utm_source=pinterest&utm_medium=pin&utm_campaign=feature_a_quality_life&utm_content=quality_of_life_checklist,verified_not_published,"Board recheck showed 0 Pins and empty-board message; pin creation tool still showed Pin drafts (2), so the Pinterest pin did not publish."
2026-06-05,x,@RandythePsycho,https://x.com/RandythePsycho/status/2062721617147695367,seven_day_reassessment,weekly_change_tracking,no_link_educational_post,no,,published,"Published one no-link original post via Chrome logged-in session after stabilizing VPN/TUN; non-diagnostic 7-day comparison framing."
2026-06-05,threads,@cetrolcen,https://www.threads.com/@cetrolcen/post/DZMBNbjlJ0c,weekly_vet_questions,weekly_observation_rhythm,no_link_educational_post,no,,published,"Published one no-link original post via Chrome logged-in session; distinct wording from X and non-diagnostic vet-observation framing."
2026-06-05,reddit,r/SeniorCats,https://old.reddit.com/r/SeniorCats/comments/1tx5bm4/is_adopting_a_12_year_old_cat_a_bad_idea/opu517m/,senior_cat_adoption,baseline_after_adoption,no_link_observation_reply,no,,published,"No-link reply about first-weeks baseline, vet records, and simple home notes; avoided diagnosis and promotion."
2026-06-05,pinterest,Senior Pet Care Checklists,https://www.pinterest.com/pin/1102537552555555729/,senior_pet_quality_of_life_checklist,printable_checklist_discovery,pin_published,yes,https://pawcheckin.com/tools/senior-pet-quality-of-life-calculator?utm_source=pinterest&utm_medium=pin&utm_campaign=feature_a_quality_life&utm_content=quality_of_life_checklist,published,"User completed the final foreground Publish action; board verification showed Senior Pet Care Checklists has 1 Pin."
2026-06-05,x,@RandythePsycho,https://x.com/RandythePsycho/status/2062765053229912341,seven_day_checkin,attributed_calculator_click_discovery,link_post,yes,https://pawcheckin.com/tools/senior-pet-quality-of-life-calculator?utm_source=x&utm_medium=social&utm_campaign=feature_a_quality_life&utm_content=seven_day_checkin_link_post,published,"Posted one value-first link post after prior no-link X posts; includes non-diagnostic vet-conversation framing and one UTM link."
2026-06-05,threads,@cetrolcen,https://www.threads.com/@cetrolcen/post/DZMTKGUFBqT,weekly_checkin,attributed_calculator_click_discovery,link_post,yes,https://pawcheckin.com/tools/senior-pet-quality-of-life-calculator?utm_source=threads&utm_medium=social&utm_campaign=feature_a_quality_life&utm_content=weekly_checkin_link_post,published,"Posted one distinct value-first Threads link post; verified on profile after composer returned to home."
2026-06-05,pinterest,Senior Pet Care Checklists,,senior_pet_vet_visit_notes,vet_visit_preparation,pin_publish_attempt,yes,https://pawcheckin.com/tools/senior-pet-quality-of-life-calculator?utm_source=pinterest&utm_medium=pin&utm_campaign=feature_a_quality_life&utm_content=vet_visit_notes,blocked_saving_state,"Attempted Pin 2 with JPG asset, title, description, and UTM link; Pinterest remained stuck on Saving and board selection stayed disabled, so publishing was stopped to avoid duplicate drafts or platform friction."
2026-06-05,reddit,r/CatAdvice,https://old.reddit.com/r/CatAdvice/comments/1twua01/what_should_i_be_doing_for_my_cats_as_they_grow/opv4q8v/,senior_cat_prevention,baseline_tracking_and_vet_screening,no_link_observation_reply,no,,published,"No-link reply about baseline tracking, senior screening, home setup, and asking a vet before supplements; complied with no medical advice/no advertising rules."
